,list
0,2014/wn_2014-02/2014-02-21-Installing-55north-SOS-with-tomcat7.md
1,2014/wn_2014-02/2014-02-05-Python-script-to-convert-wrfout-into-Geotiff-and-some-issues.md
2,2014/wn_2014-02/2014-02-05-wind-power-forecasting-map.md
3,2014/wn_2014-02/2014-02-18-Python-for-fetching-Mysql-table.md
4,2014/wn_2014-02/2014-02-25-trisquel-60-installation-in-nvidia-geforce-card-bearing-laptop.md
5,2014/wn_2014-06/2014-06-18-Installing-GDAL-with-Python-in-Ubunut1204.md
6,2014/wn_2014-06/2014-06-26-Working-with-WRF-CHEM-part1-PrepChemSrc.md
7,2014/wn_2014-06/2014-06-05-SSH-for-WRF-EMS-Cluster-running.md
8,2014/wn_2014-06/2014-06-17-Installing-R-and-Openair-in-Ubuntu1204.md
9,2014/wn_2014-06/2014-06-05-running-WRF-EMS.md
10,2014/wn_2014-06/2014-06-28-Textfile-from-WRFoutput-pythonic.md
11,2014/wn_2014-06/2014-06-17-data-editing-with-pandas.md
12,2014/wn_2014-06/2014-06-27-Latex-into-HTML.md
13,2014/wn_2014-06/2014-06-05-Localinstall-WRFEMS.md
14,2014/wn_2014-06/2014-06-18-Shapefile-edit-QGIS.md
15,2014/wn_2014-06/2014-06-18-Reprojecting-SHAPE-file-python.md
16,2014/wn_2014-06/2014-06-05-WRF-EMS-install-and-running-in-IBM-X3100-M4.md
17,2014/wn_2014-06/2014-06-26-Working-with-WRF-CHEM-part3-compile-wrf-exe.md
18,2014/wn_2014-06/2014-06-05-WRF-EMS-log.md
19,2014/wn_2014-06/2014-06-08-editing-WRF-logfile-Python.md
20,2014/wn_2014-06/2014-06-26-Working-with-WRF-CHEM-part2-WPS.md
21,2014/wn_2014-06/2014-06-06-compiling-grib2json-in-AWS.md
22,2014/wn_2014-06/2014-06-05-Bewolf-cluster-for-WRF-EMS.md
23,2014/wn_2014-12/2014-12-29-WRF-CHEM-compile-QN-PL.md
24,2014/wn_2014-12/2014-12-17-Print-map-shape-file-python.md
25,2014/wn_2014-12/2014-12-10-Parallella-upand-run.md
26,2014/wn_2014-12/2014-12-29-WRF-CHEM-cluster.md
27,2014/wn_2014-12/2014-12-29-WRF-CHEM-compile-QN-AWS.md
28,2014/wn_2014-12/2014-12-29-WRF-CHEM-compile-QN-CT.md
29,2014/wn_2014-12/2014-12-29-WRF-CHEM-compile-QN.md
30,2014/wn_2014-01/2014-01-16-USB-DATA-card-for-ubuntu-1204.md
31,2014/wn_2014-01/2014-01-25-recover-password-for-postgresql.md
32,2014/wn_2014-01/2014-01-08-Testing-the-RPi-with-usb-hub-usb-serial-and-data-card.md
33,2014/wn_2014-01/2014-01-08-Udev-rules-for-USB-attached-to-RPi.md
34,2014/wn_2014-01/2014-01-16-SCREEN-usage.md
35,2014/wn_2014-01/2014-01-25-File-transfer-between-AWS-and-ubuntu.md
36,2014/wn_2014-01/2014-01-08-GSM-INTERNET-connection-for-RPi.md
37,2014/wn_2014-01/2014-01-08-How-to-BRICK-Beagle-Bone-Black.md
38,2014/wn_2014-01/2014-01-17-Installing-Munin-for-ubuntu-server.md
39,2014/wn_2014-01/2014-01-16-Secure-ubuntu-SERVER-1204.md
40,2014/wn_2014-01/2014-01-25-python-script-for-inserting-SOS.md
41,2014/wn_2014-01/2014-01-17-more-with-SMS-gateway-for-ubuntu-1204.md
42,2014/wn_2014-01/2014-01-08-raspberry-pi-errors.md
43,2014/wn_2014-01/2014-01-08-Daemon-service-for-RPI-for-running-python-script.md
44,2014/wn_2014-01/2014-01-16-Ubuntu-SERVER-black-screen-problem.md
45,2014/wn_2014-01/2014-01-06-removing-PIN-in-android.md
46,2014/wn_2014-07/2014-07-18-Workflow-docear-mendely-Python.md
47,2014/wn_2014-07/2014-07-13-Working-with-WRF-CHEM-part4-cbe-domain-run.md
48,2014/wn_2014-07/2014-07-18-Latex-beamer-based-pdf-presntation.md
49,2014/wn_2014-07/2014-07-02-LAN-based-Internet-problem-and-solutionforRaspberry.md
50,2014/wn_2014-07/2014-07-15-Check-null-in-python.md
51,2014/wn_2014-07/2014-07-29-gh-pages-HTML-css-js.md
52,2014/wn_2014-07/2014-07-13-Serial-port-problem-lbm1-knmr.md
53,2014/wn_2014-07/2014-07-13-Working-with-WRF-CHEM-part5-prep-emis.md
54,2014/wn_2014-09/2014-09-20-compileGSIonUbuntu1404.md
55,2014/wn_2014-09/2014-09-25-WRFCHEM-CBE-lazyWRF-py.md
56,2014/wn_2014-09/2014-09-04-WRFCHEM-domain-view-python.md
57,2014/wn_2014-09/2014-09-09-PM-Emission-Inventory-CBE-SD.md
58,2014/wn_2014-09/2014-09-08-WRFCHEM-CBE-A1.md
59,2014/wn_2014-09/2014-09-29-WRFCHEM-output-python.md
60,2014/wn_2014-09/2014-09-14-EmisInv-REAS-Pandas.md
61,2014/wn_2014-09/2014-09-04-Working-with-WRF-CHEM-part65-EmissionInventoryTut.md
62,2014/wn_2014-09/2014-09-09-forumpost.md
63,2014/wn_2014-09/2014-09-09-WRFCHEM-CBE-aOptionwithAWS-StarCluster.md
64,2014/wn_2014-09/2014-09-06-Working-with-WRF-CHEM-part70-CBE-DustOnlyTutorial.md
65,2014/wn_2014-09/2014-09-10-Aerocet531S-serial-read.md
66,2014/wn_2014-09/2014-09-06-Working-with-WRF-CHEM-part71-emission-inventory-CBE-Ndown.md
67,2014/wn_2014-09/2014-09-08-ubuntu1204to1404.md
68,2014/wn_2014-09/2014-09-10-WRF-CHEM-Compile-completenote-SERVER.md
69,2014/wn_2014-08/2014-08-12-Working-with-WRF-CHEM-part61-WRF-KatrinaSingleDomain.md
70,2014/wn_2014-08/2014-08-12-Working-with-WRF-CHEM-part62-WRF-KatrinaNesting.md
71,2014/wn_2014-08/2014-08-01-English-Grammer-checker.md
72,2014/wn_2014-08/2014-08-12-Working-with-WRF-CHEM-part60-dustonly-CBE.md
73,2014/wn_2014-08/2014-08-30-SOSforWRFCHEM-output.md
74,2014/wn_2014-08/2014-08-30-GSI-assimilation-PM25PM10-WRFCHEM.md
75,2014/wn_2014-08/2014-08-23-WRF-CHEM-compilingInARM-BeagleBoneBlack.md
76,2014/wn_2014-08/2014-08-21-Parallella-for-WRF-CHEM.md
77,2014/wn_2014-08/2014-08-19-Working-with-WRF-CHEM-part63-WRF-CoimbatoreNesting.md
78,2014/wn_2014-08/2014-08-19-Working-with-WRF-CHEM-part64-DustOnlyTutorial.md
79,2014/wn_2014-08/2014-08-06-python-script-InsertObservation-istSOS-xml.md
80,2014/wn_2014-03/2014-03-04-data-communication-between-arduino-and-android.md
81,2014/wn_2014-03/2014-03-05-Unbricking-BBB.md
82,2014/wn_2014-03/2014-03-05-Server-stuck-at-GRUB-menu-after-1204-update-upgrade.md
83,2014/wn_2014-03/2014-03-25-usb-modeswitch-on-reboot.md
84,2014/wn_2014-03/2014-03-06-EMS-WRF.md
85,2014/wn_2014-03/2014-03-25-gammu-and-mysql.md
86,2014/wn_2014-03/2014-03-25-Sending-SMS-with-Beagle-bone-black.md
87,2014/wn_2014-05/2014-05-20-Installing-netcdf-python-in-Ubuntu1204.md
88,2014/wn_2014-05/2014-05-21-Querying-netcdf-with-python_kdtree.md
89,2014/wn_2014-05/2014-05-28-python_querying_and_editing_json.md
90,2014/wn_2014-05/2014-05-10-OnPython.md
91,2014/wn_2014-05/2014-04-30-Cross-Origin-Resource-Sharing.md
92,2014/wn_2014-05/2014-05-05-gammu-compile-BBB.md
93,2014/wn_2014-05/2014-05-23-Node-js-withAIRwindandEarthwind.md
94,2014/wn_2014-05/2014-05-06-Mount-SDcard-with-BBB.md
95,2014/wn_2014-05/2014-05-16-gammu-MYSQL.md
96,2014/wn_2014-05/2014-05-23-json-data-into-SQLinsert-with-python.md
97,2014/wn_2014-05/2014-05-12-postgresql.md
98,2014/wn_2014-05/2014-05-15-QualitySCHU-to-cbe-air.md
99,2014/wn_2014-05/2014-05-06-mysql-BBB.md
100,2014/wn_2014-05/2014-05-19-converting-WRF-ouput-netcdf-into-json.md
101,2014/wn_2014-05/2014-05-24-Merge-geojsons-into-one.md
102,2014/wn_2014-05/2014-05-10-pandas-dataframe-into-LATEX-PDF.md
103,2014/wn_2014-04/2014-04-21-Gammu-smsd-shared-memeory-error-for-Huwaei-E303F.md
104,2014/wn_2014-04/2014-04-24-IRIS-install.md
105,2014/wn_2014-04/2014-04-04-HYSPLIT-compile.md
106,2014/wn_2014-04/2014-04-21-Shared-memory-ERROR-MORE.md
107,2014/wn_2014-04/2014-04-21-usbreset-Program.md
108,2014/wn_2014-04/2014-04-08-Sending-SMS-with-AT-and-python.md
109,2014/wn_2014-04/2014-04-10-CSV-edit-by-pandas.md
110,2014/wn_2014-04/2014-04-24-package-using-maven.md
111,2014/wn_2014-04/2014-04-10-Dylos-monitor-setup-full-with-log.md
112,2014/wn_2014-04/2014-04-18-Compileling-WRF-CHEM.md
113,2014/wn_2014-04/2014-04-24-File-system-based-SOS-using-github-AJAX.md
114,2014/wn_2014-10/2014-10-07-Dylos-RPi-Serial-problem.md
115,2014/wn_2014-10/2014-10-15-Aerocet-sampleData-KML-Pandas.md
116,2014/wn_2014-10/2014-10-25-Cubietruck-cluster-WRFCHEM.md
117,2014/wn_2014-10/2014-10-31-plot-NETCDF.md
118,2014/wn_2014-10/2014-10-28-Timeseries-Pandas.md
119,2014/wn_2014-10/2014-10-28-Excel-Pandas-LATEX-PDF.md
120,2014/wn_2014-10/2014-10-28-PythonGDALproblem.md
121,2014/wn_2014-11/2014-11-26-WRFCHEM-output-PM25PM10.md
122,2014/wn_2014-11/2014-11-05-Redeploy-Dylos-TDM.md
123,2014/wn_2014-11/2014-11-28-Reverse-Geocoding.md
124,2014/wn_2014-11/2014-11-01-DOCX-table-into-python.md
125,2014/wn_2014-11/2014-11-26-Pandas-JSON.md
126,2014/wn_2014-11/2014-11-20-NCL-install-ubunut1204.md
127,2014/wn_2014-11/2014-11-28-Geonames-Pandas-Shapefile.md
128,2014/wn_2014-11/2014-11-15-git-delete-routine.md
129,2014/wn_2014-11/2014-11-16-Plot-Aerocet-sample-D3JS.md
130,2014/wn_2014-11/2014-11-22-Ubunut1204-recovery.md
131,2013/wn_2013-09/2013-09-10-Scale-images-using-python-script.md
132,2013/wn_2013-10/2013-10-08-Installing-maven-in-Ubuntu-1204.md
133,2013/wn_2013-10/2013-10-29-Giving-Raspberry-pi-net-connection.md
134,2013/wn_2013-10/2013-10-28-Store-json-data-into-Mysql-using-python.md
135,2013/wn_2013-10/2013-10-16-Python-for-data-frame-editing-using-pandas.md
136,2013/wn_2013-10/2013-10-07-Xvfb-Virtual-FrameBuffer-error-for-Ubuntu-server-1204.md
137,2013/wn_2013-12/2019-12-16-Script-for-json-to-csv-for-weather-underground-API-fetching-historical-data.md
138,2013/wn_2013-12/2019-12-16-DYLOS-raspberry-pi-and-xively.md
139,2013/wn_2013-12/2019-12-04-AWS-instances-and-more-tips.md
140,2013/wn_2013-12/2019-12-04-Adding-font-in-Ubuntu-1204.md
141,2013/wn_2013-11/2019-11-11-DYLOS-raspberry-pi-experiment.md
142,2013/wn_2013-11/2019-11-05-AWS-postgresql-remote-host-connection.md
143,2013/wn_2013-11/2019-11-05-Notes-on-Geoserver.md
144,2013/wn_2013-11/2019-11-05-PostGresql-table-edit-in-command-line.md
145,2013/wn_2013-11/2019-11-01-Python-pandas-cont.md
146,2013/wn_2013-11/2019-11-05-Screen-for-remote-head-less-sever.md
147,2013/wn_2013-11/2019-11-05-Notes-on-AWS.md
148,2013/wn_2013-11/2019-11-05-SMS-management-web-application.md
149,2013/wn_2013-11/2019-11-01-Notes-on-selenium.md
150,2013/wn_2013-08/2013-08-31-Bluetoothshield-Arduino-and-Android.md
